start_time,end_time,start_time_iso,end_time_iso,input_tokens,output_tokens,num_model_requests,project_id_x,user_id,api_key_id,model,batch,service_tier,input_cached_tokens,input_uncached_tokens,input_audio_tokens,output_audio_tokens,amount_value,amount_currency,line_item,project_id_y,organization_id,organization_name
1735689600,1735776000,2025-01-01T00:00:00+00:00,2025-01-02T00:00:00+00:00,,,,,,,,,,,,,,,,,,,
1735776000,1735862400,2025-01-02T00:00:00+00:00,2025-01-03T00:00:00+00:00,33983.0,1559.0,37.0,proj_EEBJXAb4eEmZvcjogdu3AP0B,user-lhSeY1GZnOOea3rhkPk6QlSz,key_SiQ4xMf34gLu1U1p,gpt-4o-2024-08-06,,default,0.0,33983.0,0.0,0.0,0.1005474999999999,usd,,,org-fAPezn4awKhGvfQWsFfmrUPG,NJT
1735862400,1735948800,2025-01-03T00:00:00+00:00,2025-01-04T00:00:00+00:00,,,,,,,,,,,,,,,,,,,
1735948800,1736035200,2025-01-04T00:00:00+00:00,2025-01-05T00:00:00+00:00,,,,,,,,,,,,,,,,,,,
1736035200,1736121600,2025-01-05T00:00:00+00:00,2025-01-06T00:00:00+00:00,,,,,,,,,,,,,,,,,,,
1736121600,1736208000,2025-01-06T00:00:00+00:00,2025-01-07T00:00:00+00:00,165428.0,12093.0,184.0,proj_EEBJXAb4eEmZvcjogdu3AP0B,user-lhSeY1GZnOOea3rhkPk6QlSz,key_SiQ4xMf34gLu1U1p,gpt-4o-2024-08-06,,default,0.0,165428.0,0.0,0.0,0.5345,usd,,,org-fAPezn4awKhGvfQWsFfmrUPG,NJT
1736208000,1736294400,2025-01-07T00:00:00+00:00,2025-01-08T00:00:00+00:00,36484.0,9556.0,122.0,proj_EEBJXAb4eEmZvcjogdu3AP0B,user-lhSeY1GZnOOea3rhkPk6QlSz,key_SiQ4xMf34gLu1U1p,gpt-4o-mini-2024-07-18,,default,0.0,36484.0,0.0,0.0,2.1663662,usd,,,org-fAPezn4awKhGvfQWsFfmrUPG,NJT
1736208000,1736294400,2025-01-07T00:00:00+00:00,2025-01-08T00:00:00+00:00,724988.0,34413.0,735.0,proj_EEBJXAb4eEmZvcjogdu3AP0B,user-lhSeY1GZnOOea3rhkPk6QlSz,key_SiQ4xMf34gLu1U1p,gpt-4o-2024-08-06,,default,1152.0,723836.0,0.0,0.0,2.1663662,usd,,,org-fAPezn4awKhGvfQWsFfmrUPG,NJT
1736294400,1736380800,2025-01-08T00:00:00+00:00,2025-01-09T00:00:00+00:00,7362.0,8006.0,97.0,proj_EEBJXAb4eEmZvcjogdu3AP0B,user-lhSeY1GZnOOea3rhkPk6QlSz,key_SiQ4xMf34gLu1U1p,gpt-4o-mini-2024-07-18,,default,0.0,7362.0,0.0,0.0,0.9770604,usd,,,org-fAPezn4awKhGvfQWsFfmrUPG,NJT
1736294400,1736380800,2025-01-08T00:00:00+00:00,2025-01-09T00:00:00+00:00,337317.0,12786.0,316.0,proj_EEBJXAb4eEmZvcjogdu3AP0B,user-lhSeY1GZnOOea3rhkPk6QlSz,key_SiQ4xMf34gLu1U1p,gpt-4o-2024-08-06,,default,0.0,337317.0,0.0,0.0,0.9770604,usd,,,org-fAPezn4awKhGvfQWsFfmrUPG,NJT
1736380800,1736467200,2025-01-09T00:00:00+00:00,2025-01-10T00:00:00+00:00,649633.0,24778.0,636.0,proj_EEBJXAb4eEmZvcjogdu3AP0B,user-lhSeY1GZnOOea3rhkPk6QlSz,key_SiQ4xMf34gLu1U1p,gpt-4o-2024-08-06,,default,0.0,649633.0,0.0,0.0,1.88339285,usd,,,org-fAPezn4awKhGvfQWsFfmrUPG,NJT
1736380800,1736467200,2025-01-09T00:00:00+00:00,2025-01-10T00:00:00+00:00,13829.0,15760.0,189.0,proj_EEBJXAb4eEmZvcjogdu3AP0B,user-lhSeY1GZnOOea3rhkPk6QlSz,key_SiQ4xMf34gLu1U1p,gpt-4o-mini-2024-07-18,,default,0.0,13829.0,0.0,0.0,1.88339285,usd,,,org-fAPezn4awKhGvfQWsFfmrUPG,NJT
1736467200,1736553600,2025-01-10T00:00:00+00:00,2025-01-11T00:00:00+00:00,163313.0,4800.0,158.0,proj_EEBJXAb4eEmZvcjogdu3AP0B,user-lhSeY1GZnOOea3rhkPk6QlSz,key_SiQ4xMf34gLu1U1p,gpt-4o-2024-08-06,,default,0.0,163313.0,0.0,0.0,0.4727053999999999,usd,,,org-fAPezn4awKhGvfQWsFfmrUPG,NJT
1736467200,1736553600,2025-01-10T00:00:00+00:00,2025-01-11T00:00:00+00:00,77722.0,7941.0,77.0,proj_EEBJXAb4eEmZvcjogdu3AP0B,user-lhSeY1GZnOOea3rhkPk6QlSz,key_SiQ4xMf34gLu1U1p,gpt-4o-mini-2024-07-18,,default,0.0,77722.0,0.0,0.0,0.4727053999999999,usd,,,org-fAPezn4awKhGvfQWsFfmrUPG,NJT
1736553600,1736640000,2025-01-11T00:00:00+00:00,2025-01-12T00:00:00+00:00,,,,,,,,,,,,,,,,,,,
1736640000,1736726400,2025-01-12T00:00:00+00:00,2025-01-13T00:00:00+00:00,,,,,,,,,,,,,,,,,,,
1736726400,1736812800,2025-01-13T00:00:00+00:00,2025-01-14T00:00:00+00:00,26711.0,4819.0,33.0,proj_EEBJXAb4eEmZvcjogdu3AP0B,user-lhSeY1GZnOOea3rhkPk6QlSz,key_SiQ4xMf34gLu1U1p,gpt-4o-mini-2024-07-18,,default,0.0,26711.0,0.0,0.0,0.23720305,usd,,,org-fAPezn4awKhGvfQWsFfmrUPG,NJT
1736726400,1736812800,2025-01-13T00:00:00+00:00,2025-01-14T00:00:00+00:00,80782.0,2835.0,78.0,proj_EEBJXAb4eEmZvcjogdu3AP0B,user-lhSeY1GZnOOea3rhkPk6QlSz,key_SiQ4xMf34gLu1U1p,gpt-4o-2024-08-06,,default,0.0,80782.0,0.0,0.0,0.23720305,usd,,,org-fAPezn4awKhGvfQWsFfmrUPG,NJT
1736812800,1736899200,2025-01-14T00:00:00+00:00,2025-01-15T00:00:00+00:00,,,,,,,,,,,,,,,,,,,
1736899200,1736985600,2025-01-15T00:00:00+00:00,2025-01-16T00:00:00+00:00,,,,,,,,,,,,,,,,,,,
1736985600,1737072000,2025-01-16T00:00:00+00:00,2025-01-17T00:00:00+00:00,54.0,33.0,1.0,proj_EEBJXAb4eEmZvcjogdu3AP0B,user-lhSeY1GZnOOea3rhkPk6QlSz,key_SiQ4xMf34gLu1U1p,gpt-4o-mini-2024-07-18,,default,0.0,54.0,0.0,0.0,0.0089828999999999,usd,,,org-fAPezn4awKhGvfQWsFfmrUPG,NJT
1736985600,1737072000,2025-01-16T00:00:00+00:00,2025-01-17T00:00:00+00:00,3110.0,118.0,3.0,proj_EEBJXAb4eEmZvcjogdu3AP0B,user-lhSeY1GZnOOea3rhkPk6QlSz,key_SiQ4xMf34gLu1U1p,gpt-4o-2024-08-06,,default,0.0,3110.0,0.0,0.0,0.0089828999999999,usd,,,org-fAPezn4awKhGvfQWsFfmrUPG,NJT
1737072000,1737158400,2025-01-17T00:00:00+00:00,2025-01-18T00:00:00+00:00,,,,,,,,,,,,,,,,,,,
1737158400,1737244800,2025-01-18T00:00:00+00:00,2025-01-19T00:00:00+00:00,,,,,,,,,,,,,,,,,,,
1737244800,1737331200,2025-01-19T00:00:00+00:00,2025-01-20T00:00:00+00:00,,,,,,,,,,,,,,,,,,,
1737331200,1737417600,2025-01-20T00:00:00+00:00,2025-01-21T00:00:00+00:00,,,,,,,,,,,,,,,,,,,
1737417600,1737504000,2025-01-21T00:00:00+00:00,2025-01-22T00:00:00+00:00,5170.0,256.0,5.0,proj_EEBJXAb4eEmZvcjogdu3AP0B,user-lhSeY1GZnOOea3rhkPk6QlSz,key_SiQ4xMf34gLu1U1p,gpt-4o-2024-08-06,,default,0.0,5170.0,0.0,0.0,0.015485,usd,,,org-fAPezn4awKhGvfQWsFfmrUPG,NJT
1737504000,1737590400,2025-01-22T00:00:00+00:00,2025-01-23T00:00:00+00:00,213.0,138.0,4.0,proj_EEBJXAb4eEmZvcjogdu3AP0B,user-lhSeY1GZnOOea3rhkPk6QlSz,key_SiQ4xMf34gLu1U1p,gpt-4o-mini-2024-07-18,,default,0.0,213.0,0.0,0.0,0.03590475,usd,,,org-fAPezn4awKhGvfQWsFfmrUPG,NJT
1737504000,1737590400,2025-01-22T00:00:00+00:00,2025-01-23T00:00:00+00:00,12440.0,469.0,12.0,proj_EEBJXAb4eEmZvcjogdu3AP0B,user-lhSeY1GZnOOea3rhkPk6QlSz,key_SiQ4xMf34gLu1U1p,gpt-4o-2024-08-06,,default,0.0,12440.0,0.0,0.0,0.03590475,usd,,,org-fAPezn4awKhGvfQWsFfmrUPG,NJT
1737590400,1737676800,2025-01-23T00:00:00+00:00,2025-01-24T00:00:00+00:00,6194.0,269.0,6.0,proj_EEBJXAb4eEmZvcjogdu3AP0B,user-lhSeY1GZnOOea3rhkPk6QlSz,key_SiQ4xMf34gLu1U1p,gpt-4o-2024-08-06,,default,0.0,6194.0,0.0,0.0,0.018175,usd,,,org-fAPezn4awKhGvfQWsFfmrUPG,NJT
1737676800,1737763200,2025-01-24T00:00:00+00:00,2025-01-25T00:00:00+00:00,,,,,,,,,,,,,,,,,,,
1737763200,1737849600,2025-01-25T00:00:00+00:00,2025-01-26T00:00:00+00:00,,,,,,,,,,,,,,,,,,,
1737849600,1737936000,2025-01-26T00:00:00+00:00,2025-01-27T00:00:00+00:00,,,,,,,,,,,,,,,,,,,
1737936000,1738022400,2025-01-27T00:00:00+00:00,2025-01-28T00:00:00+00:00,,,,,,,,,,,,,,,,,,,
1738022400,1738108800,2025-01-28T00:00:00+00:00,2025-01-29T00:00:00+00:00,12439.0,646.0,12.0,proj_EEBJXAb4eEmZvcjogdu3AP0B,user-lhSeY1GZnOOea3rhkPk6QlSz,key_SiQ4xMf34gLu1U1p,gpt-4o-2024-08-06,,default,0.0,12439.0,0.0,0.0,0.03762815,usd,,,org-fAPezn4awKhGvfQWsFfmrUPG,NJT
1738022400,1738108800,2025-01-28T00:00:00+00:00,2025-01-29T00:00:00+00:00,239.0,58.0,1.0,proj_EEBJXAb4eEmZvcjogdu3AP0B,user-lhSeY1GZnOOea3rhkPk6QlSz,key_SiQ4xMf34gLu1U1p,gpt-4o-mini-2024-07-18,,default,0.0,239.0,0.0,0.0,0.03762815,usd,,,org-fAPezn4awKhGvfQWsFfmrUPG,NJT
1738108800,1738195200,2025-01-29T00:00:00+00:00,2025-01-30T00:00:00+00:00,16583.0,623.0,16.0,proj_EEBJXAb4eEmZvcjogdu3AP0B,user-lhSeY1GZnOOea3rhkPk6QlSz,key_SiQ4xMf34gLu1U1p,gpt-4o-2024-08-06,,default,0.0,16583.0,0.0,0.0,0.0478402,usd,,,org-fAPezn4awKhGvfQWsFfmrUPG,NJT
1738108800,1738195200,2025-01-29T00:00:00+00:00,2025-01-30T00:00:00+00:00,358.0,165.0,5.0,proj_EEBJXAb4eEmZvcjogdu3AP0B,user-lhSeY1GZnOOea3rhkPk6QlSz,key_SiQ4xMf34gLu1U1p,gpt-4o-mini-2024-07-18,,default,0.0,358.0,0.0,0.0,0.0478402,usd,,,org-fAPezn4awKhGvfQWsFfmrUPG,NJT
1738195200,1738281600,2025-01-30T00:00:00+00:00,2025-01-31T00:00:00+00:00,,,,,,,,,,,,,,,,,,,
1738281600,1738367999,2025-01-31T00:00:00+00:00,2025-01-31T23:59:59+00:00,,,,,,,,,,,,,,,,,,,
1738281600,1738368000,2025-01-31T00:00:00+00:00,2025-02-01T00:00:00+00:00,,,,,,,,,,,,,,,,,,,
1738368000,1738454400,2025-02-01T00:00:00+00:00,2025-02-02T00:00:00+00:00,,,,,,,,,,,,,,,,,,,
1738454400,1738540800,2025-02-02T00:00:00+00:00,2025-02-03T00:00:00+00:00,,,,,,,,,,,,,,,,,,,
1738540800,1738627200,2025-02-03T00:00:00+00:00,2025-02-04T00:00:00+00:00,6383.0,3299.0,23.0,proj_EEBJXAb4eEmZvcjogdu3AP0B,user-lhSeY1GZnOOea3rhkPk6QlSz,key_SiQ4xMf34gLu1U1p,gpt-4o-mini-2024-07-18,,default,0.0,6383.0,0.0,0.0,27.37650685,usd,,,org-fAPezn4awKhGvfQWsFfmrUPG,NJT
1738540800,1738627200,2025-02-03T00:00:00+00:00,2025-02-04T00:00:00+00:00,9138936.0,452623.0,8827.0,proj_EEBJXAb4eEmZvcjogdu3AP0B,user-lhSeY1GZnOOea3rhkPk6QlSz,key_SiQ4xMf34gLu1U1p,gpt-4o-2024-08-06,,default,0.0,9138936.0,0.0,0.0,27.37650685,usd,,,org-fAPezn4awKhGvfQWsFfmrUPG,NJT
1738627200,1738713600,2025-02-04T00:00:00+00:00,2025-02-05T00:00:00+00:00,23108953.0,1106711.0,21728.0,proj_EEBJXAb4eEmZvcjogdu3AP0B,user-lhSeY1GZnOOea3rhkPk6QlSz,key_SiQ4xMf34gLu1U1p,gpt-4o-2024-08-06,,default,1024.0,23107929.0,0.0,0.0,68.89234029999999,usd,,,org-fAPezn4awKhGvfQWsFfmrUPG,NJT
1738627200,1738713600,2025-02-04T00:00:00+00:00,2025-02-05T00:00:00+00:00,13518.0,9372.0,14.0,proj_EEBJXAb4eEmZvcjogdu3AP0B,user-lhSeY1GZnOOea3rhkPk6QlSz,key_SiQ4xMf34gLu1U1p,o3-mini-2025-01-31,,default,0.0,13518.0,0.0,0.0,68.89234029999999,usd,,,org-fAPezn4awKhGvfQWsFfmrUPG,NJT
1738627200,1738713600,2025-02-04T00:00:00+00:00,2025-02-05T00:00:00+00:00,1822.0,1409.0,9.0,proj_EEBJXAb4eEmZvcjogdu3AP0B,user-lhSeY1GZnOOea3rhkPk6QlSz,key_SiQ4xMf34gLu1U1p,gpt-4o-mini-2024-07-18,,default,0.0,1822.0,0.0,0.0,68.89234029999999,usd,,,org-fAPezn4awKhGvfQWsFfmrUPG,NJT
1738713600,1738800000,2025-02-05T00:00:00+00:00,2025-02-06T00:00:00+00:00,7506646.0,388173.0,7240.0,proj_EEBJXAb4eEmZvcjogdu3AP0B,user-lhSeY1GZnOOea3rhkPk6QlSz,key_SiQ4xMf34gLu1U1p,gpt-4o-2024-08-06,,default,0.0,7506646.0,0.0,0.0,22.648345,usd,,,org-fAPezn4awKhGvfQWsFfmrUPG,NJT
1738800000,1738886400,2025-02-06T00:00:00+00:00,2025-02-07T00:00:00+00:00,18375198.0,976216.0,17755.0,proj_EEBJXAb4eEmZvcjogdu3AP0B,user-lhSeY1GZnOOea3rhkPk6QlSz,key_SiQ4xMf34gLu1U1p,gpt-4o-2024-08-06,,default,1664.0,18373534.0,0.0,0.0,55.69812315,usd,,,org-fAPezn4awKhGvfQWsFfmrUPG,NJT
1738800000,1738886400,2025-02-06T00:00:00+00:00,2025-02-07T00:00:00+00:00,61.0,65.0,1.0,proj_EEBJXAb4eEmZvcjogdu3AP0B,user-lhSeY1GZnOOea3rhkPk6QlSz,key_SiQ4xMf34gLu1U1p,gpt-4o-mini-2024-07-18,,default,0.0,61.0,0.0,0.0,55.69812315,usd,,,org-fAPezn4awKhGvfQWsFfmrUPG,NJT
1738886400,1738972800,2025-02-07T00:00:00+00:00,2025-02-08T00:00:00+00:00,19268.0,663.0,17.0,proj_EEBJXAb4eEmZvcjogdu3AP0B,user-lhSeY1GZnOOea3rhkPk6QlSz,key_SiQ4xMf34gLu1U1p,gpt-4o-2024-08-06,,default,4608.0,14660.0,0.0,0.0,0.04921805,usd,,,org-fAPezn4awKhGvfQWsFfmrUPG,NJT
1738886400,1738972800,2025-02-07T00:00:00+00:00,2025-02-08T00:00:00+00:00,487.0,175.0,4.0,proj_EEBJXAb4eEmZvcjogdu3AP0B,user-lhSeY1GZnOOea3rhkPk6QlSz,key_SiQ4xMf34gLu1U1p,gpt-4o-mini-2024-07-18,,default,0.0,487.0,0.0,0.0,0.04921805,usd,,,org-fAPezn4awKhGvfQWsFfmrUPG,NJT
1738972800,1739059200,2025-02-08T00:00:00+00:00,2025-02-09T00:00:00+00:00,,,,,,,,,,,,,,,,,,,
1739059200,1739145600,2025-02-09T00:00:00+00:00,2025-02-10T00:00:00+00:00,,,,,,,,,,,,,,,,,,,
1739145600,1739232000,2025-02-10T00:00:00+00:00,2025-02-11T00:00:00+00:00,4671.0,293.0,7.0,proj_EEBJXAb4eEmZvcjogdu3AP0B,user-lhSeY1GZnOOea3rhkPk6QlSz,key_SiQ4xMf34gLu1U1p,gpt-4o-2024-08-06,,default,0.0,4671.0,0.0,0.0,0.0146075,usd,,,org-fAPezn4awKhGvfQWsFfmrUPG,NJT
1739232000,1739318400,2025-02-11T00:00:00+00:00,2025-02-12T00:00:00+00:00,225.0,264.0,1.0,proj_EEBJXAb4eEmZvcjogdu3AP0B,user-lhSeY1GZnOOea3rhkPk6QlSz,,gpt-4o-mini-2024-07-18,,default,0.0,225.0,0.0,0.0,0.12063215,usd,,,org-fAPezn4awKhGvfQWsFfmrUPG,NJT
1739232000,1739318400,2025-02-11T00:00:00+00:00,2025-02-12T00:00:00+00:00,30003.0,1472.0,29.0,proj_EEBJXAb4eEmZvcjogdu3AP0B,user-lhSeY1GZnOOea3rhkPk6QlSz,,gpt-4o-2024-08-06,,default,0.0,30003.0,0.0,0.0,0.12063215,usd,,,org-fAPezn4awKhGvfQWsFfmrUPG,NJT
1739232000,1739318400,2025-02-11T00:00:00+00:00,2025-02-12T00:00:00+00:00,10357.0,482.0,10.0,proj_EEBJXAb4eEmZvcjogdu3AP0B,user-lhSeY1GZnOOea3rhkPk6QlSz,key_SiQ4xMf34gLu1U1p,gpt-4o-2024-08-06,,default,0.0,10357.0,0.0,0.0,0.12063215,usd,,,org-fAPezn4awKhGvfQWsFfmrUPG,NJT
1739318400,1739404800,2025-02-12T00:00:00+00:00,2025-02-13T00:00:00+00:00,1244.0,102.0,2.0,proj_EEBJXAb4eEmZvcjogdu3AP0B,user-lhSeY1GZnOOea3rhkPk6QlSz,key_SiQ4xMf34gLu1U1p,gpt-4o-2024-08-06,,default,0.0,1244.0,0.0,0.0,0.0320974999999999,usd,,,org-fAPezn4awKhGvfQWsFfmrUPG,NJT
1739318400,1739404800,2025-02-12T00:00:00+00:00,2025-02-13T00:00:00+00:00,9315.0,468.0,9.0,proj_EEBJXAb4eEmZvcjogdu3AP0B,user-lhSeY1GZnOOea3rhkPk6QlSz,,gpt-4o-2024-08-06,,default,0.0,9315.0,0.0,0.0,0.0320974999999999,usd,,,org-fAPezn4awKhGvfQWsFfmrUPG,NJT
1739404800,1739491200,2025-02-13T00:00:00+00:00,2025-02-14T00:00:00+00:00,57.0,82.0,1.0,proj_EEBJXAb4eEmZvcjogdu3AP0B,user-lhSeY1GZnOOea3rhkPk6QlSz,key_SiQ4xMf34gLu1U1p,gpt-4o-mini-2024-07-18,,default,0.0,57.0,0.0,0.0,0.04184275,usd,,,org-fAPezn4awKhGvfQWsFfmrUPG,NJT
1739404800,1739491200,2025-02-13T00:00:00+00:00,2025-02-14T00:00:00+00:00,14510.0,551.0,14.0,proj_EEBJXAb4eEmZvcjogdu3AP0B,user-lhSeY1GZnOOea3rhkPk6QlSz,key_SiQ4xMf34gLu1U1p,gpt-4o-2024-08-06,,default,0.0,14510.0,0.0,0.0,0.04184275,usd,,,org-fAPezn4awKhGvfQWsFfmrUPG,NJT
1739491200,1739577600,2025-02-14T00:00:00+00:00,2025-02-15T00:00:00+00:00,519.0,413.0,3.0,proj_EEBJXAb4eEmZvcjogdu3AP0B,user-lhSeY1GZnOOea3rhkPk6QlSz,key_SiQ4xMf34gLu1U1p,gpt-4o-mini-2024-07-18,,default,0.0,519.0,0.0,0.0,0.0360156499999999,usd,,,org-fAPezn4awKhGvfQWsFfmrUPG,NJT
1739491200,1739577600,2025-02-14T00:00:00+00:00,2025-02-15T00:00:00+00:00,11920.0,589.0,12.0,proj_EEBJXAb4eEmZvcjogdu3AP0B,user-lhSeY1GZnOOea3rhkPk6QlSz,key_SiQ4xMf34gLu1U1p,gpt-4o-2024-08-06,,default,0.0,11920.0,0.0,0.0,0.0360156499999999,usd,,,org-fAPezn4awKhGvfQWsFfmrUPG,NJT
1739577600,1739664000,2025-02-15T00:00:00+00:00,2025-02-16T00:00:00+00:00,,,,,,,,,,,,,,,,,,,
1739664000,1739750400,2025-02-16T00:00:00+00:00,2025-02-17T00:00:00+00:00,,,,,,,,,,,,,,,,,,,
1739750400,1739836800,2025-02-17T00:00:00+00:00,2025-02-18T00:00:00+00:00,,,,,,,,,,,,,,,,,,,
1739836800,1739923200,2025-02-18T00:00:00+00:00,2025-02-19T00:00:00+00:00,39855.0,2064.0,48.0,proj_EEBJXAb4eEmZvcjogdu3AP0B,user-lhSeY1GZnOOea3rhkPk6QlSz,key_SiQ4xMf34gLu1U1p,gpt-4o-2024-08-06,,default,0.0,39855.0,0.0,0.0,0.1203351,usd,,,org-fAPezn4awKhGvfQWsFfmrUPG,NJT
1739836800,1739923200,2025-02-18T00:00:00+00:00,2025-02-19T00:00:00+00:00,168.0,54.0,1.0,proj_EEBJXAb4eEmZvcjogdu3AP0B,user-lhSeY1GZnOOea3rhkPk6QlSz,key_SiQ4xMf34gLu1U1p,gpt-4o-mini-2024-07-18,,default,0.0,168.0,0.0,0.0,0.1203351,usd,,,org-fAPezn4awKhGvfQWsFfmrUPG,NJT
1739923200,1740009600,2025-02-19T00:00:00+00:00,2025-02-20T00:00:00+00:00,179941.0,4800.0,149.0,proj_EEBJXAb4eEmZvcjogdu3AP0B,user-lhSeY1GZnOOea3rhkPk6QlSz,key_SiQ4xMf34gLu1U1p,gpt-4o-2024-08-06,,default,105600.0,74341.0,0.0,0.0,0.3663342999999999,usd,,,org-fAPezn4awKhGvfQWsFfmrUPG,NJT
1739923200,1740009600,2025-02-19T00:00:00+00:00,2025-02-20T00:00:00+00:00,1352.0,465.0,8.0,proj_EEBJXAb4eEmZvcjogdu3AP0B,user-lhSeY1GZnOOea3rhkPk6QlSz,key_SiQ4xMf34gLu1U1p,gpt-4o-mini-2024-07-18,,default,0.0,1352.0,0.0,0.0,0.3663342999999999,usd,,,org-fAPezn4awKhGvfQWsFfmrUPG,NJT
1740009600,1740096000,2025-02-20T00:00:00+00:00,2025-02-21T00:00:00+00:00,219769.0,5975.0,172.0,proj_EEBJXAb4eEmZvcjogdu3AP0B,user-lhSeY1GZnOOea3rhkPk6QlSz,key_SiQ4xMf34gLu1U1p,gpt-4o-2024-08-06,,default,133376.0,86393.0,0.0,0.0,0.4428881,usd,,,org-fAPezn4awKhGvfQWsFfmrUPG,NJT
1740009600,1740096000,2025-02-20T00:00:00+00:00,2025-02-21T00:00:00+00:00,1204.0,425.0,7.0,proj_EEBJXAb4eEmZvcjogdu3AP0B,user-lhSeY1GZnOOea3rhkPk6QlSz,key_SiQ4xMf34gLu1U1p,gpt-4o-mini-2024-07-18,,default,0.0,1204.0,0.0,0.0,0.4428881,usd,,,org-fAPezn4awKhGvfQWsFfmrUPG,NJT
1740096000,1740182400,2025-02-21T00:00:00+00:00,2025-02-22T00:00:00+00:00,156.0,52.0,1.0,proj_EEBJXAb4eEmZvcjogdu3AP0B,user-lhSeY1GZnOOea3rhkPk6QlSz,key_SiQ4xMf34gLu1U1p,gpt-4o-mini-2024-07-18,,default,0.0,156.0,0.0,0.0,0.1601546,usd,,,org-fAPezn4awKhGvfQWsFfmrUPG,NJT
1740096000,1740182400,2025-02-21T00:00:00+00:00,2025-02-22T00:00:00+00:00,55996.0,2411.0,53.0,proj_EEBJXAb4eEmZvcjogdu3AP0B,user-lhSeY1GZnOOea3rhkPk6QlSz,key_SiQ4xMf34gLu1U1p,gpt-4o-2024-08-06,,default,3200.0,52796.0,0.0,0.0,0.1601546,usd,,,org-fAPezn4awKhGvfQWsFfmrUPG,NJT
1740182400,1740268800,2025-02-22T00:00:00+00:00,2025-02-23T00:00:00+00:00,,,,,,,,,,,,,,,,,,,
1740268800,1740355200,2025-02-23T00:00:00+00:00,2025-02-24T00:00:00+00:00,,,,,,,,,,,,,,,,,,,
1740355200,1740441600,2025-02-24T00:00:00+00:00,2025-02-25T00:00:00+00:00,33695.0,1523.0,18.0,proj_EEBJXAb4eEmZvcjogdu3AP0B,user-lhSeY1GZnOOea3rhkPk6QlSz,key_SiQ4xMf34gLu1U1p,gpt-4o-mini-2024-07-18,,default,0.0,33695.0,0.0,0.0,0.29084055,usd,,,org-fAPezn4awKhGvfQWsFfmrUPG,NJT
1740355200,1740441600,2025-02-24T00:00:00+00:00,2025-02-25T00:00:00+00:00,118077.0,4520.0,99.0,proj_EEBJXAb4eEmZvcjogdu3AP0B,user-lhSeY1GZnOOea3rhkPk6QlSz,key_SiQ4xMf34gLu1U1p,gpt-4o-2024-08-06,,default,44416.0,73661.0,0.0,0.0,0.29084055,usd,,,org-fAPezn4awKhGvfQWsFfmrUPG,NJT
1740441600,1740528000,2025-02-25T00:00:00+00:00,2025-02-26T00:00:00+00:00,168525.0,6137.0,104.0,proj_EEBJXAb4eEmZvcjogdu3AP0B,user-lhSeY1GZnOOea3rhkPk6QlSz,key_SiQ4xMf34gLu1U1p,gpt-4o-mini-2024-07-18,,default,0.0,168525.0,0.0,0.0,0.6261834500000001,usd,,,org-fAPezn4awKhGvfQWsFfmrUPG,NJT
1740441600,1740528000,2025-02-25T00:00:00+00:00,2025-02-26T00:00:00+00:00,315841.0,7994.0,231.0,proj_EEBJXAb4eEmZvcjogdu3AP0B,user-lhSeY1GZnOOea3rhkPk6QlSz,key_SiQ4xMf34gLu1U1p,gpt-4o-2024-08-06,,default,217856.0,97985.0,0.0,0.0,0.6261834500000001,usd,,,org-fAPezn4awKhGvfQWsFfmrUPG,NJT
1740528000,1740614400,2025-02-26T00:00:00+00:00,2025-02-27T00:00:00+00:00,36311.0,3042.0,48.0,proj_EEBJXAb4eEmZvcjogdu3AP0B,user-lhSeY1GZnOOea3rhkPk6QlSz,key_SiQ4xMf34gLu1U1p,gpt-4o-mini-2024-07-18,,default,0.0,36311.0,0.0,0.0,0.35703435,usd,,,org-fAPezn4awKhGvfQWsFfmrUPG,NJT
1740528000,1740614400,2025-02-26T00:00:00+00:00,2025-02-27T00:00:00+00:00,217941.0,3739.0,101.0,proj_EEBJXAb4eEmZvcjogdu3AP0B,user-lhSeY1GZnOOea3rhkPk6QlSz,key_SiQ4xMf34gLu1U1p,gpt-4o-2024-08-06,,default,185984.0,31957.0,0.0,0.0,0.35703435,usd,,,org-fAPezn4awKhGvfQWsFfmrUPG,NJT
1740614400,1740700800,2025-02-27T00:00:00+00:00,2025-02-28T00:00:00+00:00,217825.0,4949.0,121.0,proj_EEBJXAb4eEmZvcjogdu3AP0B,user-lhSeY1GZnOOea3rhkPk6QlSz,key_SiQ4xMf34gLu1U1p,gpt-4o-2024-08-06,,default,169600.0,48225.0,0.0,0.0,0.3918706,usd,,,org-fAPezn4awKhGvfQWsFfmrUPG,NJT
1740614400,1740700800,2025-02-27T00:00:00+00:00,2025-02-28T00:00:00+00:00,49794.0,4507.0,63.0,proj_EEBJXAb4eEmZvcjogdu3AP0B,user-lhSeY1GZnOOea3rhkPk6QlSz,key_SiQ4xMf34gLu1U1p,gpt-4o-mini-2024-07-18,,default,4736.0,45058.0,0.0,0.0,0.3918706,usd,,,org-fAPezn4awKhGvfQWsFfmrUPG,NJT
1740700800,1740787200,2025-02-28T00:00:00+00:00,2025-03-01T00:00:00+00:00,363387.0,8379.0,230.0,proj_EEBJXAb4eEmZvcjogdu3AP0B,user-lhSeY1GZnOOea3rhkPk6QlSz,key_SiQ4xMf34gLu1U1p,gpt-4o-2024-08-06,,default,249088.0,114299.0,0.0,0.0,0.7011535000000002,usd,,,org-fAPezn4awKhGvfQWsFfmrUPG,NJT
1740700800,1740787200,2025-02-28T00:00:00+00:00,2025-03-01T00:00:00+00:00,106992.0,7556.0,124.0,proj_EEBJXAb4eEmZvcjogdu3AP0B,user-lhSeY1GZnOOea3rhkPk6QlSz,key_SiQ4xMf34gLu1U1p,gpt-4o-mini-2024-07-18,,default,4352.0,102640.0,0.0,0.0,0.7011535000000002,usd,,,org-fAPezn4awKhGvfQWsFfmrUPG,NJT
1740787200,1740873600,2025-03-01T00:00:00+00:00,2025-03-02T00:00:00+00:00,,,,,,,,,,,,,,,,,,,
1740873600,1740960000,2025-03-02T00:00:00+00:00,2025-03-03T00:00:00+00:00,,,,,,,,,,,,,,,,,,,
1740960000,1741046399,2025-03-03T00:00:00+00:00,2025-03-03T23:59:59+00:00,52887.0,3514.0,48.0,proj_EEBJXAb4eEmZvcjogdu3AP0B,user-lhSeY1GZnOOea3rhkPk6QlSz,key_SiQ4xMf34gLu1U1p,gpt-4o-mini-2024-07-18,,default,3584.0,49303.0,0.0,0.0,,,,,,
1740960000,1741046399,2025-03-03T00:00:00+00:00,2025-03-03T23:59:59+00:00,184915.0,6661.0,142.0,proj_EEBJXAb4eEmZvcjogdu3AP0B,user-lhSeY1GZnOOea3rhkPk6QlSz,key_SiQ4xMf34gLu1U1p,gpt-4o-2024-08-06,,default,45952.0,138963.0,0.0,0.0,,,,,,
1740960000,1741046400,2025-03-03T00:00:00+00:00,2025-03-04T00:00:00+00:00,,,,,,,,,,,,,,0.4812301499999999,usd,,,org-fAPezn4awKhGvfQWsFfmrUPG,NJT
1741046400,1741132800,2025-03-04T00:00:00+00:00,2025-03-05T00:00:00+00:00,197564.0,6302.0,151.0,proj_EEBJXAb4eEmZvcjogdu3AP0B,user-lhSeY1GZnOOea3rhkPk6QlSz,key_SiQ4xMf34gLu1U1p,gpt-4o-2024-08-06,,default,94208.0,103356.0,0.0,0.0,0.4414615499999999,usd,,,org-fAPezn4awKhGvfQWsFfmrUPG,NJT
1741046400,1741132800,2025-03-04T00:00:00+00:00,2025-03-05T00:00:00+00:00,10869.0,1102.0,22.0,proj_EEBJXAb4eEmZvcjogdu3AP0B,user-lhSeY1GZnOOea3rhkPk6QlSz,key_SiQ4xMf34gLu1U1p,gpt-4o-mini-2024-07-18,,default,0.0,10869.0,0.0,0.0,0.4414615499999999,usd,,,org-fAPezn4awKhGvfQWsFfmrUPG,NJT
1741132800,1741219200,2025-03-05T00:00:00+00:00,2025-03-06T00:00:00+00:00,11639.0,227.0,8.0,proj_EEBJXAb4eEmZvcjogdu3AP0B,user-lhSeY1GZnOOea3rhkPk6QlSz,key_SiQ4xMf34gLu1U1p,gpt-4o-2024-08-06,,default,4480.0,7159.0,0.0,0.0,0.0266648,usd,,,org-fAPezn4awKhGvfQWsFfmrUPG,NJT
1741132800,1741219200,2025-03-05T00:00:00+00:00,2025-03-06T00:00:00+00:00,4506.0,369.0,3.0,proj_EEBJXAb4eEmZvcjogdu3AP0B,user-lhSeY1GZnOOea3rhkPk6QlSz,key_SiQ4xMf34gLu1U1p,gpt-4o-mini-2024-07-18,,default,0.0,4506.0,0.0,0.0,0.0266648,usd,,,org-fAPezn4awKhGvfQWsFfmrUPG,NJT
1741219200,1741305600,2025-03-06T00:00:00+00:00,2025-03-07T00:00:00+00:00,106388.0,3016.0,81.0,proj_EEBJXAb4eEmZvcjogdu3AP0B,user-lhSeY1GZnOOea3rhkPk6QlSz,key_SiQ4xMf34gLu1U1p,gpt-4o-2024-08-06,,default,53376.0,53012.0,0.0,0.0,0.23265945,usd,,,org-fAPezn4awKhGvfQWsFfmrUPG,NJT
1741219200,1741305600,2025-03-06T00:00:00+00:00,2025-03-07T00:00:00+00:00,14303.0,1840.0,13.0,proj_EEBJXAb4eEmZvcjogdu3AP0B,user-lhSeY1GZnOOea3rhkPk6QlSz,key_SiQ4xMf34gLu1U1p,gpt-4o-mini-2024-07-18,,default,0.0,14303.0,0.0,0.0,0.23265945,usd,,,org-fAPezn4awKhGvfQWsFfmrUPG,NJT
1741305600,1741392000,2025-03-07T00:00:00+00:00,2025-03-08T00:00:00+00:00,51268.0,1540.0,39.0,proj_EEBJXAb4eEmZvcjogdu3AP0B,user-lhSeY1GZnOOea3rhkPk6QlSz,key_SiQ4xMf34gLu1U1p,gpt-4o-2024-08-06,,default,22016.0,29252.0,0.0,0.0,0.11656525,usd,,,org-fAPezn4awKhGvfQWsFfmrUPG,NJT
1741305600,1741392000,2025-03-07T00:00:00+00:00,2025-03-08T00:00:00+00:00,1803.0,408.0,10.0,proj_EEBJXAb4eEmZvcjogdu3AP0B,user-lhSeY1GZnOOea3rhkPk6QlSz,key_SiQ4xMf34gLu1U1p,gpt-4o-mini-2024-07-18,,default,0.0,1803.0,0.0,0.0,0.11656525,usd,,,org-fAPezn4awKhGvfQWsFfmrUPG,NJT
1741392000,1741478400,2025-03-08T00:00:00+00:00,2025-03-09T00:00:00+00:00,,,,,,,,,,,,,,,,,,,
1741478400,1741564800,2025-03-09T00:00:00+00:00,2025-03-10T00:00:00+00:00,,,,,,,,,,,,,,,,,,,
1741564800,1741651200,2025-03-10T00:00:00+00:00,2025-03-11T00:00:00+00:00,22038.0,654.0,17.0,proj_EEBJXAb4eEmZvcjogdu3AP0B,user-lhSeY1GZnOOea3rhkPk6QlSz,key_SiQ4xMf34gLu1U1p,gpt-4o-2024-08-06,,default,16128.0,5910.0,0.0,0.0,0.0417525,usd,,,org-fAPezn4awKhGvfQWsFfmrUPG,NJT
1741564800,1741651200,2025-03-10T00:00:00+00:00,2025-03-11T00:00:00+00:00,654.0,299.0,4.0,proj_EEBJXAb4eEmZvcjogdu3AP0B,user-lhSeY1GZnOOea3rhkPk6QlSz,key_SiQ4xMf34gLu1U1p,gpt-4o-mini-2024-07-18,,default,0.0,654.0,0.0,0.0,0.0417525,usd,,,org-fAPezn4awKhGvfQWsFfmrUPG,NJT
1741651200,1741737600,2025-03-11T00:00:00+00:00,2025-03-12T00:00:00+00:00,15161.0,2653.0,34.0,proj_EEBJXAb4eEmZvcjogdu3AP0B,user-lhSeY1GZnOOea3rhkPk6QlSz,key_SiQ4xMf34gLu1U1p,gpt-4o-mini-2024-07-18,,default,2176.0,12985.0,0.0,0.0,0.22875775,usd,,,org-fAPezn4awKhGvfQWsFfmrUPG,NJT
1741651200,1741737600,2025-03-11T00:00:00+00:00,2025-03-12T00:00:00+00:00,119306.0,3335.0,80.0,proj_EEBJXAb4eEmZvcjogdu3AP0B,user-lhSeY1GZnOOea3rhkPk6QlSz,key_SiQ4xMf34gLu1U1p,gpt-4o-2024-08-06,,default,85248.0,34058.0,0.0,0.0,0.22875775,usd,,,org-fAPezn4awKhGvfQWsFfmrUPG,NJT
1741737600,1741824000,2025-03-12T00:00:00+00:00,2025-03-13T00:00:00+00:00,32001.0,1265.0,23.0,proj_EEBJXAb4eEmZvcjogdu3AP0B,user-lhSeY1GZnOOea3rhkPk6QlSz,key_SiQ4xMf34gLu1U1p,gpt-4o-2024-08-06,,default,18432.0,13569.0,0.0,0.0,0.070295,usd,,,org-fAPezn4awKhGvfQWsFfmrUPG,NJT
1741737600,1741824000,2025-03-12T00:00:00+00:00,2025-03-13T00:00:00+00:00,1242.0,827.0,7.0,proj_EEBJXAb4eEmZvcjogdu3AP0B,user-lhSeY1GZnOOea3rhkPk6QlSz,key_SiQ4xMf34gLu1U1p,gpt-4o-mini-2024-07-18,,default,0.0,1242.0,0.0,0.0,0.070295,usd,,,org-fAPezn4awKhGvfQWsFfmrUPG,NJT
1741824000,1741910400,2025-03-13T00:00:00+00:00,2025-03-14T00:00:00+00:00,7244.0,1055.0,16.0,proj_EEBJXAb4eEmZvcjogdu3AP0B,user-lhSeY1GZnOOea3rhkPk6QlSz,key_SiQ4xMf34gLu1U1p,gpt-4o-mini-2024-07-18,,default,0.0,7244.0,0.0,0.0,0.1228596,usd,,,org-fAPezn4awKhGvfQWsFfmrUPG,NJT
1741824000,1741910400,2025-03-13T00:00:00+00:00,2025-03-14T00:00:00+00:00,60824.0,1932.0,40.0,proj_EEBJXAb4eEmZvcjogdu3AP0B,user-lhSeY1GZnOOea3rhkPk6QlSz,key_SiQ4xMf34gLu1U1p,gpt-4o-2024-08-06,,default,40192.0,20632.0,0.0,0.0,0.1228596,usd,,,org-fAPezn4awKhGvfQWsFfmrUPG,NJT
1741910400,1741996800,2025-03-14T00:00:00+00:00,2025-03-15T00:00:00+00:00,121700.0,3981.0,93.0,proj_EEBJXAb4eEmZvcjogdu3AP0B,user-lhSeY1GZnOOea3rhkPk6QlSz,key_SiQ4xMf34gLu1U1p,gpt-4o-2024-08-06,,default,80768.0,40932.0,0.0,0.0,0.2455876,usd,,,org-fAPezn4awKhGvfQWsFfmrUPG,NJT
1741910400,1741996800,2025-03-14T00:00:00+00:00,2025-03-15T00:00:00+00:00,5352.0,2808.0,58.0,proj_EEBJXAb4eEmZvcjogdu3AP0B,user-lhSeY1GZnOOea3rhkPk6QlSz,key_SiQ4xMf34gLu1U1p,gpt-4o-mini-2024-07-18,,default,0.0,5352.0,0.0,0.0,0.2455876,usd,,,org-fAPezn4awKhGvfQWsFfmrUPG,NJT
1741996800,1742083200,2025-03-15T00:00:00+00:00,2025-03-16T00:00:00+00:00,,,,,,,,,,,,,,,,,,,
1742083200,1742169600,2025-03-16T00:00:00+00:00,2025-03-17T00:00:00+00:00,,,,,,,,,,,,,,,,,,,
1742169600,1742256000,2025-03-17T00:00:00+00:00,2025-03-18T00:00:00+00:00,2808.0,369.0,6.0,proj_EEBJXAb4eEmZvcjogdu3AP0B,user-lhSeY1GZnOOea3rhkPk6QlSz,key_SiQ4xMf34gLu1U1p,gpt-4o-mini-2024-07-18,,default,0.0,2808.0,0.0,0.0,0.0284551,usd,,,org-fAPezn4awKhGvfQWsFfmrUPG,NJT
1742169600,1742256000,2025-03-17T00:00:00+00:00,2025-03-18T00:00:00+00:00,13433.0,271.0,9.0,proj_EEBJXAb4eEmZvcjogdu3AP0B,user-lhSeY1GZnOOea3rhkPk6QlSz,key_SiQ4xMf34gLu1U1p,gpt-4o-2024-08-06,,default,6784.0,6649.0,0.0,0.0,0.0284551,usd,,,org-fAPezn4awKhGvfQWsFfmrUPG,NJT
1742256000,1742342400,2025-03-18T00:00:00+00:00,2025-03-19T00:00:00+00:00,3603.0,1107.0,29.0,proj_EEBJXAb4eEmZvcjogdu3AP0B,user-lhSeY1GZnOOea3rhkPk6QlSz,key_SiQ4xMf34gLu1U1p,gpt-4o-mini-2024-07-18,,default,0.0,3603.0,0.0,0.0,0.22101715,usd,,,org-fAPezn4awKhGvfQWsFfmrUPG,NJT
1742256000,1742342400,2025-03-18T00:00:00+00:00,2025-03-19T00:00:00+00:00,101809.0,2817.0,75.0,proj_EEBJXAb4eEmZvcjogdu3AP0B,user-lhSeY1GZnOOea3rhkPk6QlSz,key_SiQ4xMf34gLu1U1p,gpt-4o-2024-08-06,,default,50304.0,51505.0,0.0,0.0,0.22101715,usd,,,org-fAPezn4awKhGvfQWsFfmrUPG,NJT
1742342400,1742428800,2025-03-19T00:00:00+00:00,2025-03-20T00:00:00+00:00,246.0,54.0,2.0,proj_EEBJXAb4eEmZvcjogdu3AP0B,user-lhSeY1GZnOOea3rhkPk6QlSz,key_SiQ4xMf34gLu1U1p,gpt-4o-mini-2024-07-18,,default,0.0,246.0,0.0,0.0,0.0111292999999999,usd,,,org-fAPezn4awKhGvfQWsFfmrUPG,NJT
1742342400,1742428800,2025-03-19T00:00:00+00:00,2025-03-20T00:00:00+00:00,4872.0,144.0,4.0,proj_EEBJXAb4eEmZvcjogdu3AP0B,user-lhSeY1GZnOOea3rhkPk6QlSz,key_SiQ4xMf34gLu1U1p,gpt-4o-2024-08-06,,default,2048.0,2824.0,0.0,0.0,0.0111292999999999,usd,,,org-fAPezn4awKhGvfQWsFfmrUPG,NJT
1742428800,1742515200,2025-03-20T00:00:00+00:00,2025-03-21T00:00:00+00:00,40290.0,1295.0,32.0,proj_EEBJXAb4eEmZvcjogdu3AP0B,user-lhSeY1GZnOOea3rhkPk6QlSz,key_SiQ4xMf34gLu1U1p,gpt-4o-2024-08-06,,default,22912.0,17378.0,0.0,0.0,0.08627175,usd,,,org-fAPezn4awKhGvfQWsFfmrUPG,NJT
1742428800,1742515200,2025-03-20T00:00:00+00:00,2025-03-21T00:00:00+00:00,2181.0,1516.0,18.0,proj_EEBJXAb4eEmZvcjogdu3AP0B,user-lhSeY1GZnOOea3rhkPk6QlSz,key_SiQ4xMf34gLu1U1p,gpt-4o-mini-2024-07-18,,default,0.0,2181.0,0.0,0.0,0.08627175,usd,,,org-fAPezn4awKhGvfQWsFfmrUPG,NJT
1742515200,1742601600,2025-03-21T00:00:00+00:00,2025-03-22T00:00:00+00:00,10382.0,1306.0,16.0,proj_EEBJXAb4eEmZvcjogdu3AP0B,user-lhSeY1GZnOOea3rhkPk6QlSz,key_SiQ4xMf34gLu1U1p,gpt-4o-mini-2024-07-18,,default,0.0,10382.0,0.0,0.0,0.0611709,usd,,,org-fAPezn4awKhGvfQWsFfmrUPG,NJT
1742515200,1742601600,2025-03-21T00:00:00+00:00,2025-03-22T00:00:00+00:00,29752.0,877.0,24.0,proj_EEBJXAb4eEmZvcjogdu3AP0B,user-lhSeY1GZnOOea3rhkPk6QlSz,key_SiQ4xMf34gLu1U1p,gpt-4o-2024-08-06,,default,19456.0,10296.0,0.0,0.0,0.0611709,usd,,,org-fAPezn4awKhGvfQWsFfmrUPG,NJT
1742601600,1742688000,2025-03-22T00:00:00+00:00,2025-03-23T00:00:00+00:00,,,,,,,,,,,,,,,,,,,
1742688000,1742774400,2025-03-23T00:00:00+00:00,2025-03-24T00:00:00+00:00,,,,,,,,,,,,,,,,,,,
1742774400,1742860800,2025-03-24T00:00:00+00:00,2025-03-25T00:00:00+00:00,9055.0,1081.0,28.0,proj_EEBJXAb4eEmZvcjogdu3AP0B,user-lhSeY1GZnOOea3rhkPk6QlSz,key_SiQ4xMf34gLu1U1p,gpt-4o-mini-2024-07-18,,default,0.0,9055.0,0.0,0.0,0.19710435,usd,,,org-fAPezn4awKhGvfQWsFfmrUPG,NJT
1742774400,1742860800,2025-03-24T00:00:00+00:00,2025-03-25T00:00:00+00:00,98955.0,2147.0,70.0,proj_EEBJXAb4eEmZvcjogdu3AP0B,user-lhSeY1GZnOOea3rhkPk6QlSz,key_SiQ4xMf34gLu1U1p,gpt-4o-2024-08-06,,default,59008.0,39947.0,0.0,0.0,0.19710435,usd,,,org-fAPezn4awKhGvfQWsFfmrUPG,NJT
1742860800,1742947200,2025-03-25T00:00:00+00:00,2025-03-26T00:00:00+00:00,154252.0,4193.0,112.0,proj_EEBJXAb4eEmZvcjogdu3AP0B,user-lhSeY1GZnOOea3rhkPk6QlSz,key_SiQ4xMf34gLu1U1p,gpt-4o-2024-08-06,,default,73344.0,80908.0,0.0,0.0,0.3410793,usd,,,org-fAPezn4awKhGvfQWsFfmrUPG,NJT
1742860800,1742947200,2025-03-25T00:00:00+00:00,2025-03-26T00:00:00+00:00,21198.0,3366.0,68.0,proj_EEBJXAb4eEmZvcjogdu3AP0B,user-lhSeY1GZnOOea3rhkPk6QlSz,key_SiQ4xMf34gLu1U1p,gpt-4o-mini-2024-07-18,,default,0.0,21198.0,0.0,0.0,0.3410793,usd,,,org-fAPezn4awKhGvfQWsFfmrUPG,NJT
1742947200,1743033600,2025-03-26T00:00:00+00:00,2025-03-27T00:00:00+00:00,22847.0,2694.0,57.0,proj_EEBJXAb4eEmZvcjogdu3AP0B,user-lhSeY1GZnOOea3rhkPk6QlSz,key_SiQ4xMf34gLu1U1p,gpt-4o-mini-2024-07-18,,default,0.0,22847.0,0.0,0.0,0.28350095,usd,,,org-fAPezn4awKhGvfQWsFfmrUPG,NJT
1742947200,1743033600,2025-03-26T00:00:00+00:00,2025-03-27T00:00:00+00:00,136787.0,3393.0,96.0,proj_EEBJXAb4eEmZvcjogdu3AP0B,user-lhSeY1GZnOOea3rhkPk6QlSz,key_SiQ4xMf34gLu1U1p,gpt-4o-2024-08-06,,default,77952.0,58835.0,0.0,0.0,0.28350095,usd,,,org-fAPezn4awKhGvfQWsFfmrUPG,NJT
1743033600,1743120000,2025-03-27T00:00:00+00:00,2025-03-28T00:00:00+00:00,67200.0,1845.0,50.0,proj_EEBJXAb4eEmZvcjogdu3AP0B,user-lhSeY1GZnOOea3rhkPk6QlSz,key_SiQ4xMf34gLu1U1p,gpt-4o-2024-08-06,,default,33920.0,33280.0,0.0,0.0,0.14811005,usd,,,org-fAPezn4awKhGvfQWsFfmrUPG,NJT
1743033600,1743120000,2025-03-27T00:00:00+00:00,2025-03-28T00:00:00+00:00,19879.0,1797.0,37.0,proj_EEBJXAb4eEmZvcjogdu3AP0B,user-lhSeY1GZnOOea3rhkPk6QlSz,key_SiQ4xMf34gLu1U1p,gpt-4o-mini-2024-07-18,,default,0.0,19879.0,0.0,0.0,0.14811005,usd,,,org-fAPezn4awKhGvfQWsFfmrUPG,NJT
1743120000,1743206400,2025-03-28T00:00:00+00:00,2025-03-29T00:00:00+00:00,19248.0,551.0,15.0,proj_EEBJXAb4eEmZvcjogdu3AP0B,user-lhSeY1GZnOOea3rhkPk6QlSz,key_SiQ4xMf34gLu1U1p,gpt-4o-2024-08-06,,default,6400.0,12848.0,0.0,0.0,0.0458412,usd,,,org-fAPezn4awKhGvfQWsFfmrUPG,NJT
1743120000,1743206400,2025-03-28T00:00:00+00:00,2025-03-29T00:00:00+00:00,832.0,144.0,4.0,proj_EEBJXAb4eEmZvcjogdu3AP0B,user-lhSeY1GZnOOea3rhkPk6QlSz,key_SiQ4xMf34gLu1U1p,gpt-4o-mini-2024-07-18,,default,0.0,832.0,0.0,0.0,0.0458412,usd,,,org-fAPezn4awKhGvfQWsFfmrUPG,NJT
1743206400,1743292800,2025-03-29T00:00:00+00:00,2025-03-30T00:00:00+00:00,,,,,,,,,,,,,,,,,,,
1743292800,1743379200,2025-03-30T00:00:00+00:00,2025-03-31T00:00:00+00:00,,,,,,,,,,,,,,,,,,,
1743379200,1743465600,2025-03-31T00:00:00+00:00,2025-04-01T00:00:00+00:00,2602.0,64.0,2.0,proj_EEBJXAb4eEmZvcjogdu3AP0B,user-lhSeY1GZnOOea3rhkPk6QlSz,key_SiQ4xMf34gLu1U1p,gpt-4o-2024-08-06,,default,0.0,2602.0,0.0,0.0,0.00720485,usd,,,org-fAPezn4awKhGvfQWsFfmrUPG,NJT
1743379200,1743465600,2025-03-31T00:00:00+00:00,2025-04-01T00:00:00+00:00,207.0,48.0,1.0,proj_EEBJXAb4eEmZvcjogdu3AP0B,user-lhSeY1GZnOOea3rhkPk6QlSz,key_SiQ4xMf34gLu1U1p,gpt-4o-mini-2024-07-18,,default,0.0,207.0,0.0,0.0,0.00720485,usd,,,org-fAPezn4awKhGvfQWsFfmrUPG,NJT
1743465600,1743552000,2025-04-01T00:00:00+00:00,2025-04-02T00:00:00+00:00,,,,,,,,,,,,,,,,,,,
1743552000,1743638400,2025-04-02T00:00:00+00:00,2025-04-03T00:00:00+00:00,,,,,,,,,,,,,,,,,,,
1743638400,1743724799,2025-04-03T00:00:00+00:00,2025-04-03T23:59:59+00:00,,,,,,,,,,,,,,,,,,,
1743638400,1743724800,2025-04-03T00:00:00+00:00,2025-04-04T00:00:00+00:00,,,,,,,,,,,,,,,,,,,
1743724800,1743811200,2025-04-04T00:00:00+00:00,2025-04-05T00:00:00+00:00,,,,,,,,,,,,,,,,,,,
1743811200,1743897600,2025-04-05T00:00:00+00:00,2025-04-06T00:00:00+00:00,,,,,,,,,,,,,,,,,,,
1743897600,1743984000,2025-04-06T00:00:00+00:00,2025-04-07T00:00:00+00:00,,,,,,,,,,,,,,,,,,,
1743984000,1744070400,2025-04-07T00:00:00+00:00,2025-04-08T00:00:00+00:00,793.0,40.0,1.0,proj_EEBJXAb4eEmZvcjogdu3AP0B,user-lhSeY1GZnOOea3rhkPk6QlSz,key_SiQ4xMf34gLu1U1p,gpt-4o-mini-2024-07-18,,default,0.0,793.0,0.0,0.0,0.00352795,usd,,,org-fAPezn4awKhGvfQWsFfmrUPG,NJT
1743984000,1744070400,2025-04-07T00:00:00+00:00,2025-04-08T00:00:00+00:00,1266.0,22.0,1.0,proj_EEBJXAb4eEmZvcjogdu3AP0B,user-lhSeY1GZnOOea3rhkPk6QlSz,key_SiQ4xMf34gLu1U1p,gpt-4o-2024-08-06,,default,0.0,1266.0,0.0,0.0,0.00352795,usd,,,org-fAPezn4awKhGvfQWsFfmrUPG,NJT
1744070400,1744156800,2025-04-08T00:00:00+00:00,2025-04-09T00:00:00+00:00,13626.0,436.0,10.0,proj_EEBJXAb4eEmZvcjogdu3AP0B,user-lhSeY1GZnOOea3rhkPk6QlSz,key_SiQ4xMf34gLu1U1p,gpt-4o-2024-08-06,,default,6912.0,6714.0,0.0,0.0,0.02731225,usd,,,org-fAPezn4awKhGvfQWsFfmrUPG,NJT
1744070400,1744156800,2025-04-08T00:00:00+00:00,2025-04-09T00:00:00+00:00,1481.0,296.0,4.0,proj_EEBJXAb4eEmZvcjogdu3AP0B,user-lhSeY1GZnOOea3rhkPk6QlSz,key_SiQ4xMf34gLu1U1p,gpt-4o-mini-2024-07-18,,default,0.0,1481.0,0.0,0.0,0.02731225,usd,,,org-fAPezn4awKhGvfQWsFfmrUPG,NJT
1744156800,1744243200,2025-04-09T00:00:00+00:00,2025-04-10T00:00:00+00:00,,,,,,,,,,,,,,,,,,,
1744243200,1744329600,2025-04-10T00:00:00+00:00,2025-04-11T00:00:00+00:00,,,,,,,,,,,,,,,,,,,
1744329600,1744416000,2025-04-11T00:00:00+00:00,2025-04-12T00:00:00+00:00,,,,,,,,,,,,,,,,,,,
1744416000,1744502400,2025-04-12T00:00:00+00:00,2025-04-13T00:00:00+00:00,5066.0,85.0,4.0,proj_EEBJXAb4eEmZvcjogdu3AP0B,user-lhSeY1GZnOOea3rhkPk6QlSz,key_SiQ4xMf34gLu1U1p,gpt-4o-2024-08-06,,default,3072.0,1994.0,0.0,0.0,0.0105767999999999,usd,,,org-fAPezn4awKhGvfQWsFfmrUPG,NJT
1744416000,1744502400,2025-04-12T00:00:00+00:00,2025-04-13T00:00:00+00:00,6028.0,172.0,4.0,proj_EEBJXAb4eEmZvcjogdu3AP0B,user-lhSeY1GZnOOea3rhkPk6QlSz,key_SiQ4xMf34gLu1U1p,gpt-4o-mini-2024-07-18,,default,1408.0,4620.0,0.0,0.0,0.0105767999999999,usd,,,org-fAPezn4awKhGvfQWsFfmrUPG,NJT
1744502400,1744588800,2025-04-13T00:00:00+00:00,2025-04-14T00:00:00+00:00,,,,,,,,,,,,,,,,,,,
1744588800,1744675200,2025-04-14T00:00:00+00:00,2025-04-15T00:00:00+00:00,5078.0,102.0,4.0,proj_EEBJXAb4eEmZvcjogdu3AP0B,user-lhSeY1GZnOOea3rhkPk6QlSz,key_SiQ4xMf34gLu1U1p,gpt-4o-2024-08-06,,default,2048.0,3030.0,0.0,0.0,0.0115972,usd,,,org-fAPezn4awKhGvfQWsFfmrUPG,NJT
1744588800,1744675200,2025-04-14T00:00:00+00:00,2025-04-15T00:00:00+00:00,2272.0,169.0,2.0,proj_EEBJXAb4eEmZvcjogdu3AP0B,user-lhSeY1GZnOOea3rhkPk6QlSz,key_SiQ4xMf34gLu1U1p,gpt-4o-mini-2024-07-18,,default,0.0,2272.0,0.0,0.0,0.0115972,usd,,,org-fAPezn4awKhGvfQWsFfmrUPG,NJT
1744675200,1744761600,2025-04-15T00:00:00+00:00,2025-04-16T00:00:00+00:00,5133.0,185.0,4.0,proj_EEBJXAb4eEmZvcjogdu3AP0B,user-lhSeY1GZnOOea3rhkPk6QlSz,key_SiQ4xMf34gLu1U1p,gpt-4o-2024-08-06,,default,1024.0,4109.0,0.0,0.0,0.0135969,usd,,,org-fAPezn4awKhGvfQWsFfmrUPG,NJT
1744675200,1744761600,2025-04-15T00:00:00+00:00,2025-04-16T00:00:00+00:00,280.0,254.0,2.0,proj_EEBJXAb4eEmZvcjogdu3AP0B,user-lhSeY1GZnOOea3rhkPk6QlSz,key_SiQ4xMf34gLu1U1p,gpt-4o-mini-2024-07-18,,default,0.0,280.0,0.0,0.0,0.0135969,usd,,,org-fAPezn4awKhGvfQWsFfmrUPG,NJT
1744761600,1744848000,2025-04-16T00:00:00+00:00,2025-04-17T00:00:00+00:00,2530.0,44.0,2.0,proj_EEBJXAb4eEmZvcjogdu3AP0B,user-lhSeY1GZnOOea3rhkPk6QlSz,key_SiQ4xMf34gLu1U1p,gpt-4o-2024-08-06,,default,1024.0,1506.0,0.0,0.0,0.005485,usd,,,org-fAPezn4awKhGvfQWsFfmrUPG,NJT
1744848000,1744934400,2025-04-17T00:00:00+00:00,2025-04-18T00:00:00+00:00,1269.0,57.0,1.0,proj_EEBJXAb4eEmZvcjogdu3AP0B,user-lhSeY1GZnOOea3rhkPk6QlSz,key_SiQ4xMf34gLu1U1p,gpt-4o-2024-08-06,,default,0.0,1269.0,0.0,0.0,0.0037424999999999,usd,,,org-fAPezn4awKhGvfQWsFfmrUPG,NJT
1744934400,1745020800,2025-04-18T00:00:00+00:00,2025-04-19T00:00:00+00:00,,,,,,,,,,,,,,,,,,,
1745020800,1745107200,2025-04-19T00:00:00+00:00,2025-04-20T00:00:00+00:00,,,,,,,,,,,,,,,,,,,
1745107200,1745193600,2025-04-20T00:00:00+00:00,2025-04-21T00:00:00+00:00,,,,,,,,,,,,,,,,,,,
1745193600,1745280000,2025-04-21T00:00:00+00:00,2025-04-22T00:00:00+00:00,,,,,,,,,,,,,,,,,,,
1745280000,1745366400,2025-04-22T00:00:00+00:00,2025-04-23T00:00:00+00:00,1846.0,267.0,4.0,proj_EEBJXAb4eEmZvcjogdu3AP0B,user-lhSeY1GZnOOea3rhkPk6QlSz,key_SiQ4xMf34gLu1U1p,gpt-4o-mini-2024-07-18,,default,0.0,1846.0,0.0,0.0,0.0101170999999999,usd,,,org-fAPezn4awKhGvfQWsFfmrUPG,NJT
1745280000,1745366400,2025-04-22T00:00:00+00:00,2025-04-23T00:00:00+00:00,5040.0,92.0,4.0,proj_EEBJXAb4eEmZvcjogdu3AP0B,user-lhSeY1GZnOOea3rhkPk6QlSz,key_SiQ4xMf34gLu1U1p,gpt-4o-2024-08-06,,default,3072.0,1968.0,0.0,0.0,0.0101170999999999,usd,,,org-fAPezn4awKhGvfQWsFfmrUPG,NJT
1745366400,1745452800,2025-04-23T00:00:00+00:00,2025-04-24T00:00:00+00:00,,,,,,,,,,,,,,,,,,,
1745452800,1745539200,2025-04-24T00:00:00+00:00,2025-04-25T00:00:00+00:00,729.0,245.0,4.0,proj_EEBJXAb4eEmZvcjogdu3AP0B,user-lhSeY1GZnOOea3rhkPk6QlSz,key_SiQ4xMf34gLu1U1p,gpt-4o-mini-2024-07-18,,default,0.0,729.0,0.0,0.0,0.03110135,usd,,,org-fAPezn4awKhGvfQWsFfmrUPG,NJT
1745452800,1745539200,2025-04-24T00:00:00+00:00,2025-04-25T00:00:00+00:00,13750.0,383.0,10.0,proj_EEBJXAb4eEmZvcjogdu3AP0B,user-lhSeY1GZnOOea3rhkPk6QlSz,key_SiQ4xMf34gLu1U1p,gpt-4o-2024-08-06,,default,5888.0,7862.0,0.0,0.0,0.03110135,usd,,,org-fAPezn4awKhGvfQWsFfmrUPG,NJT
1745539200,1745625600,2025-04-25T00:00:00+00:00,2025-04-26T00:00:00+00:00,,,,,,,,,,,,,,,,,,,
1745625600,1745712000,2025-04-26T00:00:00+00:00,2025-04-27T00:00:00+00:00,,,,,,,,,,,,,,,,,,,
1745712000,1745798400,2025-04-27T00:00:00+00:00,2025-04-28T00:00:00+00:00,,,,,,,,,,,,,,,,,,,
1745798400,1745884800,2025-04-28T00:00:00+00:00,2025-04-29T00:00:00+00:00,,,,,,,,,,,,,,,,,,,
1745884800,1745971200,2025-04-29T00:00:00+00:00,2025-04-30T00:00:00+00:00,,,,,,,,,,,,,,,,,,,
1745971200,1746057600,2025-04-30T00:00:00+00:00,2025-05-01T00:00:00+00:00,,,,,,,,,,,,,,,,,,,
1746057600,1746144000,2025-05-01T00:00:00+00:00,2025-05-02T00:00:00+00:00,6308.0,115.0,5.0,proj_EEBJXAb4eEmZvcjogdu3AP0B,user-lhSeY1GZnOOea3rhkPk6QlSz,key_SiQ4xMf34gLu1U1p,gpt-4o-2024-08-06,,default,2048.0,4260.0,0.0,0.0,0.0152089999999999,usd,,,org-fAPezn4awKhGvfQWsFfmrUPG,NJT
1746057600,1746144000,2025-05-01T00:00:00+00:00,2025-05-02T00:00:00+00:00,3852.0,452.0,5.0,proj_EEBJXAb4eEmZvcjogdu3AP0B,user-lhSeY1GZnOOea3rhkPk6QlSz,key_SiQ4xMf34gLu1U1p,gpt-4o-mini-2024-07-18,,default,0.0,3852.0,0.0,0.0,0.0152089999999999,usd,,,org-fAPezn4awKhGvfQWsFfmrUPG,NJT
1746144000,1746230400,2025-05-02T00:00:00+00:00,2025-05-03T00:00:00+00:00,,,,,,,,,,,,,,,,,,,
1746230400,1746316800,2025-05-03T00:00:00+00:00,2025-05-04T00:00:00+00:00,,,,,,,,,,,,,,,,,,,
1746316800,1746403199,2025-05-04T00:00:00+00:00,2025-05-04T23:59:59+00:00,,,,,,,,,,,,,,,,,,,
1746316800,1746403200,2025-05-04T00:00:00+00:00,2025-05-05T00:00:00+00:00,,,,,,,,,,,,,,,,,,,
1746403200,1746489600,2025-05-05T00:00:00+00:00,2025-05-06T00:00:00+00:00,,,,,,,,,,,,,,,,,,,
1746489600,1746576000,2025-05-06T00:00:00+00:00,2025-05-07T00:00:00+00:00,,,,,,,,,,,,,,,,,,,
1746576000,1746662400,2025-05-07T00:00:00+00:00,2025-05-08T00:00:00+00:00,,,,,,,,,,,,,,,,,,,
1746662400,1746748800,2025-05-08T00:00:00+00:00,2025-05-09T00:00:00+00:00,,,,,,,,,,,,,,,,,,,
1746748800,1746835200,2025-05-09T00:00:00+00:00,2025-05-10T00:00:00+00:00,,,,,,,,,,,,,,,,,,,
1746835200,1746921600,2025-05-10T00:00:00+00:00,2025-05-11T00:00:00+00:00,,,,,,,,,,,,,,,,,,,
1746921600,1747008000,2025-05-11T00:00:00+00:00,2025-05-12T00:00:00+00:00,1270.0,44.0,1.0,proj_EEBJXAb4eEmZvcjogdu3AP0B,user-lhSeY1GZnOOea3rhkPk6QlSz,key_SiQ4xMf34gLu1U1p,gpt-4o-2024-08-06,,default,0.0,1270.0,0.0,0.0,0.0036477,usd,,,org-fAPezn4awKhGvfQWsFfmrUPG,NJT
1746921600,1747008000,2025-05-11T00:00:00+00:00,2025-05-12T00:00:00+00:00,114.0,26.0,1.0,proj_EEBJXAb4eEmZvcjogdu3AP0B,user-lhSeY1GZnOOea3rhkPk6QlSz,key_SiQ4xMf34gLu1U1p,gpt-4o-mini-2024-07-18,,default,0.0,114.0,0.0,0.0,0.0036477,usd,,,org-fAPezn4awKhGvfQWsFfmrUPG,NJT
1747008000,1747094400,2025-05-12T00:00:00+00:00,2025-05-13T00:00:00+00:00,,,,,,,,,,,,,,,,,,,
1747094400,1747180800,2025-05-13T00:00:00+00:00,2025-05-14T00:00:00+00:00,,,,,,,,,,,,,,,,,,,
1747180800,1747267200,2025-05-14T00:00:00+00:00,2025-05-15T00:00:00+00:00,,,,,,,,,,,,,,,,,,,
1747267200,1747353600,2025-05-15T00:00:00+00:00,2025-05-16T00:00:00+00:00,,,,,,,,,,,,,,,,,,,
1747353600,1747440000,2025-05-16T00:00:00+00:00,2025-05-17T00:00:00+00:00,,,,,,,,,,,,,,,,,,,
1747440000,1747526400,2025-05-17T00:00:00+00:00,2025-05-18T00:00:00+00:00,,,,,,,,,,,,,,,,,,,
1747526400,1747612800,2025-05-18T00:00:00+00:00,2025-05-19T00:00:00+00:00,,,,,,,,,,,,,,,,,,,
1747612800,1747699200,2025-05-19T00:00:00+00:00,2025-05-20T00:00:00+00:00,3855.0,109.0,3.0,proj_EEBJXAb4eEmZvcjogdu3AP0B,user-lhSeY1GZnOOea3rhkPk6QlSz,key_SiQ4xMf34gLu1U1p,gpt-4o-2024-08-06,,default,1024.0,2831.0,0.0,0.0,0.00952055,usd,,,org-fAPezn4awKhGvfQWsFfmrUPG,NJT
1747612800,1747699200,2025-05-19T00:00:00+00:00,2025-05-20T00:00:00+00:00,263.0,56.0,2.0,proj_EEBJXAb4eEmZvcjogdu3AP0B,user-lhSeY1GZnOOea3rhkPk6QlSz,key_SiQ4xMf34gLu1U1p,gpt-4o-mini-2024-07-18,,default,0.0,263.0,0.0,0.0,0.00952055,usd,,,org-fAPezn4awKhGvfQWsFfmrUPG,NJT
1747699200,1747785600,2025-05-20T00:00:00+00:00,2025-05-21T00:00:00+00:00,,,,,,,,,,,,,,,,,,,
1747785600,1747872000,2025-05-21T00:00:00+00:00,2025-05-22T00:00:00+00:00,,,,,,,,,,,,,,,,,,,
1747872000,1747958400,2025-05-22T00:00:00+00:00,2025-05-23T00:00:00+00:00,,,,,,,,,,,,,,,,,,,
1747958400,1748044800,2025-05-23T00:00:00+00:00,2025-05-24T00:00:00+00:00,,,,,,,,,,,,,,,,,,,
1748044800,1748131200,2025-05-24T00:00:00+00:00,2025-05-25T00:00:00+00:00,,,,,,,,,,,,,,,,,,,
1748044800,1748131200,2025-05-24T00:00:00+00:00,2025-05-25T00:00:00+00:00,,,,,,,,,,,,,,,,,,,
1748131200,1748217600,2025-05-25T00:00:00+00:00,2025-05-26T00:00:00+00:00,,,,,,,,,,,,,,,,,,,
1748131200,1748217600,2025-05-25T00:00:00+00:00,2025-05-26T00:00:00+00:00,,,,,,,,,,,,,,,,,,,
1748217600,1748304000,2025-05-26T00:00:00+00:00,2025-05-27T00:00:00+00:00,,,,,,,,,,,,,,,,,,,
1748217600,1748304000,2025-05-26T00:00:00+00:00,2025-05-27T00:00:00+00:00,,,,,,,,,,,,,,,,,,,
1748304000,1748390400,2025-05-27T00:00:00+00:00,2025-05-28T00:00:00+00:00,,,,,,,,,,,,,,,,,,,
1748304000,1748390400,2025-05-27T00:00:00+00:00,2025-05-28T00:00:00+00:00,,,,,,,,,,,,,,,,,,,
1748390400,1748476800,2025-05-28T00:00:00+00:00,2025-05-29T00:00:00+00:00,,,,,,,,,,,,,,,,,,,
1748390400,1748476800,2025-05-28T00:00:00+00:00,2025-05-29T00:00:00+00:00,,,,,,,,,,,,,,,,,,,
1748476800,1748563200,2025-05-29T00:00:00+00:00,2025-05-30T00:00:00+00:00,,,,,,,,,,,,,,,,,,,
1748476800,1748563200,2025-05-29T00:00:00+00:00,2025-05-30T00:00:00+00:00,,,,,,,,,,,,,,,,,,,
1748563200,1748649600,2025-05-30T00:00:00+00:00,2025-05-31T00:00:00+00:00,,,,,,,,,,,,,,,,,,,
1748563200,1748649600,2025-05-30T00:00:00+00:00,2025-05-31T00:00:00+00:00,,,,,,,,,,,,,,,,,,,
1748649600,1748736000,2025-05-31T00:00:00+00:00,2025-06-01T00:00:00+00:00,,,,,,,,,,,,,,,,,,,
1748649600,1748736000,2025-05-31T00:00:00+00:00,2025-06-01T00:00:00+00:00,,,,,,,,,,,,,,,,,,,
1748736000,1748822400,2025-06-01T00:00:00+00:00,2025-06-02T00:00:00+00:00,,,,,,,,,,,,,,,,,,,
1748736000,1748822400,2025-06-01T00:00:00+00:00,2025-06-02T00:00:00+00:00,,,,,,,,,,,,,,,,,,,
1748822400,1748908800,2025-06-02T00:00:00+00:00,2025-06-03T00:00:00+00:00,,,,,,,,,,,,,,,,,,,
1748822400,1748908800,2025-06-02T00:00:00+00:00,2025-06-03T00:00:00+00:00,,,,,,,,,,,,,,,,,,,
1748908800,1748995200,2025-06-03T00:00:00+00:00,2025-06-04T00:00:00+00:00,,,,,,,,,,,,,,,,,,,
1748908800,1748995200,2025-06-03T00:00:00+00:00,2025-06-04T00:00:00+00:00,,,,,,,,,,,,,,,,,,,
1748995200,1749081599,2025-06-04T00:00:00+00:00,2025-06-04T23:59:59+00:00,,,,,,,,,,,,,,,,,,,
1748995200,1749081600,2025-06-04T00:00:00+00:00,2025-06-05T00:00:00+00:00,,,,,,,,,,,,,,,,,,,
1749081600,1749168000,2025-06-05T00:00:00+00:00,2025-06-06T00:00:00+00:00,3852.0,131.0,3.0,proj_EEBJXAb4eEmZvcjogdu3AP0B,user-lhSeY1GZnOOea3rhkPk6QlSz,key_SiQ4xMf34gLu1U1p,gpt-4o-2024-08-06,,default,1024.0,2828.0,0.0,0.0,0.00971535,usd,,,org-fAPezn4awKhGvfQWsFfmrUPG,NJT
1749081600,1749168000,2025-06-05T00:00:00+00:00,2025-06-06T00:00:00+00:00,205.0,41.0,1.0,proj_EEBJXAb4eEmZvcjogdu3AP0B,user-lhSeY1GZnOOea3rhkPk6QlSz,key_SiQ4xMf34gLu1U1p,gpt-4o-mini-2024-07-18,,default,0.0,205.0,0.0,0.0,0.00971535,usd,,,org-fAPezn4awKhGvfQWsFfmrUPG,NJT
1749081600,1749168000,2025-06-05T00:00:00+00:00,2025-06-06T00:00:00+00:00,3852.0,131.0,3.0,proj_EEBJXAb4eEmZvcjogdu3AP0B,user-lhSeY1GZnOOea3rhkPk6QlSz,key_SiQ4xMf34gLu1U1p,gpt-4o-2024-08-06,,default,1024.0,2828.0,0.0,0.0,0.00971535,usd,,,org-fAPezn4awKhGvfQWsFfmrUPG,NJT
1749081600,1749168000,2025-06-05T00:00:00+00:00,2025-06-06T00:00:00+00:00,205.0,41.0,1.0,proj_EEBJXAb4eEmZvcjogdu3AP0B,user-lhSeY1GZnOOea3rhkPk6QlSz,key_SiQ4xMf34gLu1U1p,gpt-4o-mini-2024-07-18,,default,0.0,205.0,0.0,0.0,0.00971535,usd,,,org-fAPezn4awKhGvfQWsFfmrUPG,NJT
1749168000,1749254400,2025-06-06T00:00:00+00:00,2025-06-07T00:00:00+00:00,,,,,,,,,,,,,,,,,,,
1749168000,1749254400,2025-06-06T00:00:00+00:00,2025-06-07T00:00:00+00:00,,,,,,,,,,,,,,,,,,,
1749254400,1749340800,2025-06-07T00:00:00+00:00,2025-06-08T00:00:00+00:00,,,,,,,,,,,,,,,,,,,
1749254400,1749340800,2025-06-07T00:00:00+00:00,2025-06-08T00:00:00+00:00,,,,,,,,,,,,,,,,,,,
1749340800,1749427200,2025-06-08T00:00:00+00:00,2025-06-09T00:00:00+00:00,,,,,,,,,,,,,,,,,,,
1749340800,1749427200,2025-06-08T00:00:00+00:00,2025-06-09T00:00:00+00:00,,,,,,,,,,,,,,,,,,,
1749427200,1749513600,2025-06-09T00:00:00+00:00,2025-06-10T00:00:00+00:00,,,,,,,,,,,,,,,,,,,
1749427200,1749513600,2025-06-09T00:00:00+00:00,2025-06-10T00:00:00+00:00,,,,,,,,,,,,,,,,,,,
1749513600,1749600000,2025-06-10T00:00:00+00:00,2025-06-11T00:00:00+00:00,,,,,,,,,,,,,,,,,,,
1749513600,1749600000,2025-06-10T00:00:00+00:00,2025-06-11T00:00:00+00:00,,,,,,,,,,,,,,,,,,,
1749600000,1749686400,2025-06-11T00:00:00+00:00,2025-06-12T00:00:00+00:00,3795.0,394.0,5.0,proj_EEBJXAb4eEmZvcjogdu3AP0B,user-lhSeY1GZnOOea3rhkPk6QlSz,key_SiQ4xMf34gLu1U1p,gpt-4o-mini-2024-07-18,,default,0.0,3795.0,0.0,0.0,0.02880815,usd,,,org-fAPezn4awKhGvfQWsFfmrUPG,NJT
1749600000,1749686400,2025-06-11T00:00:00+00:00,2025-06-12T00:00:00+00:00,14157.0,317.0,10.0,proj_EEBJXAb4eEmZvcjogdu3AP0B,user-lhSeY1GZnOOea3rhkPk6QlSz,key_SiQ4xMf34gLu1U1p,gpt-4o-2024-08-06,,default,8448.0,5709.0,0.0,0.0,0.02880815,usd,,,org-fAPezn4awKhGvfQWsFfmrUPG,NJT
1749600000,1749686400,2025-06-11T00:00:00+00:00,2025-06-12T00:00:00+00:00,3795.0,394.0,5.0,proj_EEBJXAb4eEmZvcjogdu3AP0B,user-lhSeY1GZnOOea3rhkPk6QlSz,key_SiQ4xMf34gLu1U1p,gpt-4o-mini-2024-07-18,,default,0.0,3795.0,0.0,0.0,0.02880815,usd,,,org-fAPezn4awKhGvfQWsFfmrUPG,NJT
1749600000,1749686400,2025-06-11T00:00:00+00:00,2025-06-12T00:00:00+00:00,14157.0,317.0,10.0,proj_EEBJXAb4eEmZvcjogdu3AP0B,user-lhSeY1GZnOOea3rhkPk6QlSz,key_SiQ4xMf34gLu1U1p,gpt-4o-2024-08-06,,default,8448.0,5709.0,0.0,0.0,0.02880815,usd,,,org-fAPezn4awKhGvfQWsFfmrUPG,NJT
1749686400,1749772800,2025-06-12T00:00:00+00:00,2025-06-13T00:00:00+00:00,11355.0,1730.0,34.0,proj_EEBJXAb4eEmZvcjogdu3AP0B,user-lhSeY1GZnOOea3rhkPk6QlSz,key_SiQ4xMf34gLu1U1p,gpt-4o-mini-2024-07-18,,default,0.0,11355.0,0.0,0.0,0.2029637499999999,usd,,,org-fAPezn4awKhGvfQWsFfmrUPG,NJT
1749686400,1749772800,2025-06-12T00:00:00+00:00,2025-06-13T00:00:00+00:00,103381.0,2385.0,76.0,proj_EEBJXAb4eEmZvcjogdu3AP0B,user-lhSeY1GZnOOea3rhkPk6QlSz,key_SiQ4xMf34gLu1U1p,gpt-4o-2024-08-06,,default,65664.0,37717.0,0.0,0.0,0.2029637499999999,usd,,,org-fAPezn4awKhGvfQWsFfmrUPG,NJT
1749686400,1749772800,2025-06-12T00:00:00+00:00,2025-06-13T00:00:00+00:00,11355.0,1730.0,34.0,proj_EEBJXAb4eEmZvcjogdu3AP0B,user-lhSeY1GZnOOea3rhkPk6QlSz,key_SiQ4xMf34gLu1U1p,gpt-4o-mini-2024-07-18,,default,0.0,11355.0,0.0,0.0,0.2029637499999999,usd,,,org-fAPezn4awKhGvfQWsFfmrUPG,NJT
1749686400,1749772800,2025-06-12T00:00:00+00:00,2025-06-13T00:00:00+00:00,103381.0,2385.0,76.0,proj_EEBJXAb4eEmZvcjogdu3AP0B,user-lhSeY1GZnOOea3rhkPk6QlSz,key_SiQ4xMf34gLu1U1p,gpt-4o-2024-08-06,,default,65664.0,37717.0,0.0,0.0,0.2029637499999999,usd,,,org-fAPezn4awKhGvfQWsFfmrUPG,NJT
1749772800,1749859200,2025-06-13T00:00:00+00:00,2025-06-14T00:00:00+00:00,,,,,,,,,,,,,,,,,,,
1749772800,1749859200,2025-06-13T00:00:00+00:00,2025-06-14T00:00:00+00:00,,,,,,,,,,,,,,,,,,,
1749859200,1749945600,2025-06-14T00:00:00+00:00,2025-06-15T00:00:00+00:00,,,,,,,,,,,,,,,,,,,
1749859200,1749945600,2025-06-14T00:00:00+00:00,2025-06-15T00:00:00+00:00,,,,,,,,,,,,,,,,,,,
1749945600,1750032000,2025-06-15T00:00:00+00:00,2025-06-16T00:00:00+00:00,,,,,,,,,,,,,,,,,,,
1749945600,1750032000,2025-06-15T00:00:00+00:00,2025-06-16T00:00:00+00:00,,,,,,,,,,,,,,,,,,,
1750032000,1750118400,2025-06-16T00:00:00+00:00,2025-06-17T00:00:00+00:00,,,,,,,,,,,,,,,,,,,
1750032000,1750118400,2025-06-16T00:00:00+00:00,2025-06-17T00:00:00+00:00,,,,,,,,,,,,,,,,,,,
1750118400,1750204800,2025-06-17T00:00:00+00:00,2025-06-18T00:00:00+00:00,,,,,,,,,,,,,,,,,,,
1750118400,1750204800,2025-06-17T00:00:00+00:00,2025-06-18T00:00:00+00:00,,,,,,,,,,,,,,,,,,,
1750204800,1750291200,2025-06-18T00:00:00+00:00,2025-06-19T00:00:00+00:00,,,,,,,,,,,,,,,,,,,
1750204800,1750291200,2025-06-18T00:00:00+00:00,2025-06-19T00:00:00+00:00,,,,,,,,,,,,,,,,,,,
1750291200,1750377600,2025-06-19T00:00:00+00:00,2025-06-20T00:00:00+00:00,195.0,131.0,1.0,proj_EEBJXAb4eEmZvcjogdu3AP0B,user-lhSeY1GZnOOea3rhkPk6QlSz,key_SiQ4xMf34gLu1U1p,gpt-4o-mini-2024-07-18,,default,0.0,195.0,0.0,0.0,,,,,,
1750291200,1750377600,2025-06-19T00:00:00+00:00,2025-06-20T00:00:00+00:00,6551.0,203.0,5.0,proj_EEBJXAb4eEmZvcjogdu3AP0B,user-lhSeY1GZnOOea3rhkPk6QlSz,key_SiQ4xMf34gLu1U1p,gpt-4o-2024-08-06,,default,3072.0,3479.0,0.0,0.0,,,,,,
1750291200,1750377600,2025-06-19T00:00:00+00:00,2025-06-20T00:00:00+00:00,195.0,131.0,1.0,proj_EEBJXAb4eEmZvcjogdu3AP0B,user-lhSeY1GZnOOea3rhkPk6QlSz,key_SiQ4xMf34gLu1U1p,gpt-4o-mini-2024-07-18,,default,0.0,195.0,0.0,0.0,,,,,,
1750291200,1750377600,2025-06-19T00:00:00+00:00,2025-06-20T00:00:00+00:00,6551.0,203.0,5.0,proj_EEBJXAb4eEmZvcjogdu3AP0B,user-lhSeY1GZnOOea3rhkPk6QlSz,key_SiQ4xMf34gLu1U1p,gpt-4o-2024-08-06,,default,3072.0,3479.0,0.0,0.0,,,,,,
1750377600,1750464000,2025-06-20T00:00:00+00:00,2025-06-21T00:00:00+00:00,,,,,,,,,,,,,,,,,,,
1750377600,1750464000,2025-06-20T00:00:00+00:00,2025-06-21T00:00:00+00:00,,,,,,,,,,,,,,,,,,,
1750464000,1750550400,2025-06-21T00:00:00+00:00,2025-06-22T00:00:00+00:00,,,,,,,,,,,,,,,,,,,
1750464000,1750550400,2025-06-21T00:00:00+00:00,2025-06-22T00:00:00+00:00,,,,,,,,,,,,,,,,,,,
1750550400,1750636800,2025-06-22T00:00:00+00:00,2025-06-23T00:00:00+00:00,,,,,,,,,,,,,,,,,,,
1750550400,1750636800,2025-06-22T00:00:00+00:00,2025-06-23T00:00:00+00:00,,,,,,,,,,,,,,,,,,,
1750636800,1750723199,2025-06-23T00:00:00+00:00,2025-06-23T23:59:59+00:00,,,,,,,,,,,,,,,,,,,
1750636800,1750723199,2025-06-23T00:00:00+00:00,2025-06-23T23:59:59+00:00,,,,,,,,,,,,,,,,,,,
